{
  "count": 26,
  "summaries": [
    {
      "draft_account_id": 328,
      "created_at": "{2025-01-01T14:04:35.409798Z}",
      "submitted_by": "L073JG",
      "business_unit_id": 73,
      "account_snapshot": {
        "account_type": "fine",
        "created_date": "2025-01-08T14:04:35.40979796Z",
        "submitted_by": "BUUID",
        "date_of_birth": "01/01/2000",
        "defendant_name": "LNAME, FNAME1",
        "submitted_by_name": "Laura Clerk1",
        "business_unit_name": "West London"
      },
      "account_type": "fine",
      "account_status": "Rejected"
    },
    {
      "draft_account_id": 329,
      "created_at": "2025-01-07T14:04:35.409798Z",
      "submitted_by": "L073JG",
      "business_unit_id": 73,
      "account_snapshot": {
        "account_type": "fine",
        "created_date": "2025-01-07T14:04:35.40979796Z",
        "submitted_by": "BUUID",
        "date_of_birth": "01/01/2000",
        "defendant_name": "LNAME, FNAME2",
        "submitted_by_name": "Laura Clerk1",
        "business_unit_name": "West London"
      },
      "account_type": "fine",
      "account_status": "Rejected"
    },
    {
      "draft_account_id": 330,
      "created_at": "2025-01-08T14:04:35.409798Z",
      "submitted_by": "L073JG",
      "business_unit_id": 73,
      "account_snapshot": {
        "account_type": "fine",
        "created_date": "2025-01-08T14:04:35.40979796Z",
        "submitted_by": "BUUID",
        "date_of_birth": "01/01/2000",
        "defendant_name": "LNAME, FNAME3",
        "submitted_by_name": "Laura Clerk1",
        "business_unit_name": "West London"
      },
      "account_type": "fine",
      "account_status": "Rejected"
    },
    {
      "draft_account_id": 331,
      "created_at": "2025-01-09T14:04:35.409798Z",
      "submitted_by": "L073JG",
      "business_unit_id": 73,
      "account_snapshot": {
        "account_type": "fine",
        "created_date": "2025-01-09T14:04:35.40979796Z",
        "submitted_by": "BUUID",
        "date_of_birth": "01/01/2000",
        "defendant_name": "LNAME, FNAME4",
        "submitted_by_name": "Laura Clerk1",
        "business_unit_name": "West London"
      },
      "account_type": "fine",
      "account_status": "Rejected"
    },
    {
      "draft_account_id": 332,
      "created_at": "2025-01-10T14:04:35.409798Z",
      "submitted_by": "L073JG",
      "business_unit_id": 73,
      "account_snapshot": {
        "account_type": "fine",
        "created_date": "2025-01-10T14:04:35.40979796Z",
        "submitted_by": "BUUID",
        "date_of_birth": "01/01/2000",
        "defendant_name": "LNAME, FNAME5",
        "submitted_by_name": "Laura Clerk1",
        "business_unit_name": "West London"
      },
      "account_type": "fine",
      "account_status": "Rejected"
    },
    {
      "draft_account_id": 333,
      "created_at": "2025-01-11T14:04:35.409798Z",
      "submitted_by": "L073JG",
      "business_unit_id": 73,
      "account_snapshot": {
        "account_type": "fine",
        "created_date": "2025-01-11T14:04:35.40979796Z",
        "submitted_by": "BUUID",
        "date_of_birth": "01/01/2000",
        "defendant_name": "LNAME, FNAME6",
        "submitted_by_name": "Laura Clerk1",
        "business_unit_name": "West London"
      },
      "account_type": "fine",
      "account_status": "Rejected"
    },
    {
      "draft_account_id": 334,
      "created_at": "2025-01-12T14:04:35.409798Z",
      "submitted_by": "L073JG",
      "business_unit_id": 73,
      "account_snapshot": {
        "account_type": "fine",
        "created_date": "2025-01-12T14:04:35.40979796Z",
        "submitted_by": "BUUID",
        "date_of_birth": "01/01/2000",
        "defendant_name": "LNAME, FNAME7",
        "submitted_by_name": "Laura Clerk1",
        "business_unit_name": "West London"
      },
      "account_type": "fine",
      "account_status": "Rejected"
    },
    {
      "draft_account_id": 335,
      "created_at": "2025-01-13T14:04:35.409798Z",
      "submitted_by": "L073JG",
      "business_unit_id": 73,
      "account_snapshot": {
        "account_type": "fine",
        "created_date": "2025-01-13T14:04:35.40979796Z",
        "submitted_by": "BUUID",
        "date_of_birth": "01/01/2000",
        "defendant_name": "LNAME, FNAME8",
        "submitted_by_name": "Laura Clerk1",
        "business_unit_name": "West London"
      },
      "account_type": "fine",
      "account_status": "Rejected"
    },
    {
      "draft_account_id": 336,
      "created_at": "2025-01-14T14:04:35.409798Z",
      "submitted_by": "L073JG",
      "business_unit_id": 73,
      "account_snapshot": {
        "account_type": "fine",
        "created_date": "2025-01-14T14:04:35.40979796Z",
        "submitted_by": "BUUID",
        "date_of_birth": "01/01/2000",
        "defendant_name": "LNAME, FNAME9",
        "submitted_by_name": "Laura Clerk1",
        "business_unit_name": "West London"
      },
      "account_type": "fine",
      "account_status": "Rejected"
    },
    {
      "draft_account_id": 337,
      "created_at": "2025-01-15T14:04:35.409798Z",
      "submitted_by": "L073JG",
      "business_unit_id": 73,
      "account_snapshot": {
        "account_type": "fine",
        "created_date": "2025-01-15T14:04:35.40979796Z",
        "submitted_by": "BUUID",
        "date_of_birth": "01/01/2000",
        "defendant_name": "LNAME, FNAME10",
        "submitted_by_name": "Laura Clerk1",
        "business_unit_name": "West London"
      },
      "account_type": "fine",
      "account_status": "Rejected"
    },
    {
      "draft_account_id": 338,
      "created_at": "2025-01-16T14:04:35.409798Z",
      "submitted_by": "L073JG",
      "business_unit_id": 73,
      "account_snapshot": {
        "account_type": "fine",
        "created_date": "2025-01-16T14:04:35.40979796Z",
        "submitted_by": "BUUID",
        "date_of_birth": "01/01/2000",
        "defendant_name": "LNAME, FNAME11",
        "submitted_by_name": "Laura Clerk1",
        "business_unit_name": "West London"
      },
      "account_type": "fine",
      "account_status": "Rejected"
    },
    {
      "draft_account_id": 339,
      "created_at": "2025-01-17T14:04:35.409798Z",
      "submitted_by": "L073JG",
      "business_unit_id": 73,
      "account_snapshot": {
        "account_type": "fine",
        "created_date": "2025-01-17T14:04:35.40979796Z",
        "submitted_by": "BUUID",
        "date_of_birth": "01/01/2000",
        "defendant_name": "LNAME, FNAME12",
        "submitted_by_name": "Laura Clerk1",
        "business_unit_name": "West London"
      },
      "account_type": "fine",
      "account_status": "Rejected"
    },
    {
      "draft_account_id": 340,
      "created_at": "2025-01-18T14:04:35.409798Z",
      "submitted_by": "L073JG",
      "business_unit_id": 73,
      "account_snapshot": {
        "account_type": "fine",
        "created_date": "2025-01-18T14:04:35.40979796Z",
        "submitted_by": "BUUID",
        "date_of_birth": "01/01/2000",
        "defendant_name": "LNAME, FNAME13",
        "submitted_by_name": "Laura Clerk1",
        "business_unit_name": "West London"
      },
      "account_type": "fine",
      "account_status": "Rejected"
    },
    {
      "draft_account_id": 341,
      "created_at": "2025-01-19T14:04:35.409798Z",
      "submitted_by": "L073JG",
      "business_unit_id": 73,
      "account_snapshot": {
        "account_type": "fine",
        "created_date": "2025-01-19T14:04:35.40979796Z",
        "submitted_by": "BUUID",
        "date_of_birth": "01/01/2000",
        "defendant_name": "LNAME, FNAME14",
        "submitted_by_name": "Laura Clerk1",
        "business_unit_name": "West London"
      },
      "account_type": "fine",
      "account_status": "Rejected"
    },
    {
      "draft_account_id": 342,
      "created_at": "2025-01-20T14:04:35.409798Z",
      "submitted_by": "L073JG",
      "business_unit_id": 73,
      "account_snapshot": {
        "account_type": "fine",
        "created_date": "2025-01-20T14:04:35.40979796Z",
        "submitted_by": "BUUID",
        "date_of_birth": "01/01/2000",
        "defendant_name": "LNAME, FNAME15",
        "submitted_by_name": "Laura Clerk1",
        "business_unit_name": "West London"
      },
      "account_type": "fine",
      "account_status": "Rejected"
    },
    {
      "draft_account_id": 343,
      "created_at": "2025-01-21T14:04:35.409798Z",
      "submitted_by": "L073JG",
      "business_unit_id": 73,
      "account_snapshot": {
        "account_type": "fine",
        "created_date": "2025-01-21T14:04:35.40979796Z",
        "submitted_by": "BUUID",
        "date_of_birth": "01/01/2000",
        "defendant_name": "LNAME, FNAME16",
        "submitted_by_name": "Laura Clerk1",
        "business_unit_name": "West London"
      },
      "account_type": "fine",
      "account_status": "Rejected"
    },
    {
      "draft_account_id": 344,
      "created_at": "2025-01-22T14:04:35.409798Z",
      "submitted_by": "L073JG",
      "business_unit_id": 73,
      "account_snapshot": {
        "account_type": "fine",
        "created_date": "2025-01-22T14:04:35.40979796Z",
        "submitted_by": "BUUID",
        "date_of_birth": "01/01/2000",
        "defendant_name": "LNAME, FNAME17",
        "submitted_by_name": "Laura Clerk1",
        "business_unit_name": "West London"
      },
      "account_type": "fine",
      "account_status": "Rejected"
    },
    {
      "draft_account_id": 345,
      "created_at": "2025-01-23T14:04:35.409798Z",
      "submitted_by": "L073JG",
      "business_unit_id": 73,
      "account_snapshot": {
        "account_type": "fine",
        "created_date": "2025-01-23T14:04:35.40979796Z",
        "submitted_by": "BUUID",
        "date_of_birth": "01/01/2000",
        "defendant_name": "LNAME, FNAME18",
        "submitted_by_name": "Laura Clerk1",
        "business_unit_name": "West London"
      },
      "account_type": "fine",
      "account_status": "Rejected"
    },
    {
      "draft_account_id": 346,
      "created_at": "2025-01-24T14:04:35.409798Z",
      "submitted_by": "L073JG",
      "business_unit_id": 73,
      "account_snapshot": {
        "account_type": "fine",
        "created_date": "2025-01-24T14:04:35.40979796Z",
        "submitted_by": "BUUID",
        "date_of_birth": "01/01/2000",
        "defendant_name": "LNAME, FNAME19",
        "submitted_by_name": "Laura Clerk1",
        "business_unit_name": "West London"
      },
      "account_type": "fine",
      "account_status": "Rejected"
    },
    {
      "draft_account_id": 347,
      "created_at": "2025-01-25T14:04:35.409798Z",
      "submitted_by": "L073JG",
      "business_unit_id": 73,
      "account_snapshot": {
        "account_type": "fine",
        "created_date": "2025-01-25T14:04:35.40979796Z",
        "submitted_by": "BUUID",
        "date_of_birth": "01/01/2000",
        "defendant_name": "LNAME, FNAME20",
        "submitted_by_name": "Laura Clerk1",
        "business_unit_name": "West London"
      },
      "account_type": "fine",
      "account_status": "Rejected"
    },
    {
      "draft_account_id": 348,
      "created_at": "2025-01-26T14:04:35.409798Z",
      "submitted_by": "L073JG",
      "business_unit_id": 73,
      "account_snapshot": {
        "account_type": "fine",
        "created_date": "2025-01-26T14:04:35.40979796Z",
        "submitted_by": "BUUID",
        "date_of_birth": "01/01/2000",
        "defendant_name": "LNAME, FNAME21",
        "submitted_by_name": "Laura Clerk1",
        "business_unit_name": "West London"
      },
      "account_type": "fine",
      "account_status": "Rejected"
    },
    {
      "draft_account_id": 349,
      "created_at": "2025-01-27T14:04:35.409798Z",
      "submitted_by": "L073JG",
      "business_unit_id": 73,
      "account_snapshot": {
        "account_type": "fine",
        "created_date": "2025-01-27T14:04:35.40979796Z",
        "submitted_by": "BUUID",
        "date_of_birth": "01/01/2000",
        "defendant_name": "LNAME, FNAME22",
        "submitted_by_name": "Laura Clerk1",
        "business_unit_name": "West London"
      },
      "account_type": "fine",
      "account_status": "Rejected"
    },
    {
      "draft_account_id": 350,
      "created_at": "2025-01-28T14:04:35.409798Z",
      "submitted_by": "L073JG",
      "business_unit_id": 73,
      "account_snapshot": {
        "account_type": "fine",
        "created_date": "2025-01-28T14:04:35.40979796Z",
        "submitted_by": "BUUID",
        "date_of_birth": "01/01/2000",
        "defendant_name": "LNAME, FNAME23",
        "submitted_by_name": "Laura Clerk1",
        "business_unit_name": "West London"
      },
      "account_type": "fine",
      "account_status": "Rejected"
    },
    {
      "draft_account_id": 351,
      "created_at": "2025-01-29T14:04:35.409798Z",
      "submitted_by": "L073JG",
      "business_unit_id": 73,
      "account_snapshot": {
        "account_type": "fine",
        "created_date": "2025-01-29T14:04:35.40979796Z",
        "submitted_by": "BUUID",
        "date_of_birth": "01/01/2000",
        "defendant_name": "LNAME, FNAME24",
        "submitted_by_name": "Laura Clerk1",
        "business_unit_name": "West London"
      },
      "account_type": "fine",
      "account_status": "Rejected"
    },
    {
      "draft_account_id": 352,
      "created_at": "2025-01-30T14:04:35.409798Z",
      "submitted_by": "L073JG",
      "business_unit_id": 73,
      "account_snapshot": {
        "account_type": "fine",
        "created_date": "2025-01-30T14:04:35.40979796Z",
        "submitted_by": "BUUID",
        "date_of_birth": "01/01/2000",
        "defendant_name": "LNAME, FNAME25",
        "submitted_by_name": "Laura Clerk1",
        "business_unit_name": "West London"
      },
      "account_type": "fine",
      "account_status": "Rejected"
    },
    {
      "draft_account_id": 353,
      "created_at": "2025-01-31T14:04:35.409798Z",
      "submitted_by": "L073JG",
      "business_unit_id": 73,
      "account_snapshot": {
        "account_type": "fine",
        "created_date": "2025-01-31T14:04:35.40979796Z",
        "submitted_by": "BUUID",
        "date_of_birth": "01/01/2000",
        "defendant_name": "LNAME, FNAME26",
        "submitted_by_name": "Laura Clerk1",
        "business_unit_name": "West London"
      },
      "account_type": "fine",
      "account_status": "Rejected"
    },
    {
      "draft_account_id": 354,
      "created_at": "2025-02-01T14:04:35.409798Z",
      "submitted_by": "L073JG",
      "business_unit_id": 73,
      "account_snapshot": {
        "account_type": "fine",
        "created_date": "2025-02-01T14:04:35.40979796Z",
        "submitted_by": "BUUID",
        "date_of_birth": "01/01/2000",
        "defendant_name": "LNAME, FNAME27",
        "submitted_by_name": "Laura Clerk1",
        "business_unit_name": "West London"
      },
      "account_type": "fine",
      "account_status": "Rejected"
    }
  ]
}
